date,person,interest
2024-01-07,Bianca Censori,38.94085475420219
2024-01-14,Bianca Censori,27.541242578918677
2024-01-21,Bianca Censori,61.83052362822801
2024-01-28,Bianca Censori,25.87553477491475
2024-02-04,Bianca Censori,19.664193587576733
2024-02-11,Bianca Censori,20.69694347079334
2024-02-18,Bianca Censori,0.0
2024-02-25,Bianca Censori,47.31665428314426
2024-03-03,Bianca Censori,22.53517084482778
2024-03-10,Bianca Censori,16.906676931854896
2024-03-17,Bianca Censori,18.969450703363485
2024-03-24,Bianca Censori,41.08896840442695
2024-03-31,Bianca Censori,32.55994497400823
2024-04-07,Bianca Censori,59.578724199935834
2024-04-14,Bianca Censori,19.608503581461513
2024-04-21,Bianca Censori,25.199512503721017
2024-04-28,Bianca Censori,67.51666201708065
2024-05-05,Bianca Censori,11.471203278793794
2024-05-12,Bianca Censori,7.767855949392441
2024-05-19,Bianca Censori,50.22586075843808
2024-05-26,Bianca Censori,34.53548968896953
2024-06-02,Bianca Censori,62.38118457364934
2024-06-09,Bianca Censori,28.57833091701167
2024-06-16,Bianca Censori,25.270133479392804
2024-06-23,Bianca Censori,22.428502122723824
2024-06-30,Bianca Censori,49.77820007194048
2024-07-07,Bianca Censori,76.22011954712184
2024-07-14,Bianca Censori,23.8785189525063
2024-07-21,Bianca Censori,41.31821030483471
2024-07-28,Bianca Censori,46.84947227268043
2024-08-04,Bianca Censori,27.171013978117664
2024-08-11,Bianca Censori,19.70740689027072
2024-08-18,Bianca Censori,23.142710439615175
2024-08-25,Bianca Censori,50.783645564126765
2024-09-01,Bianca Censori,45.645464803095564
2024-09-08,Bianca Censori,55.462320514274815
2024-09-15,Bianca Censori,37.58944845085741
2024-09-22,Bianca Censori,19.497844417107764
2024-09-29,Bianca Censori,30.495131296020872
2024-10-06,Bianca Censori,59.33358580465212
2024-10-13,Bianca Censori,32.766847228287084
2024-10-20,Bianca Censori,25.847867691614386
2024-10-27,Bianca Censori,27.305906018924787
2024-11-03,Bianca Censori,37.71802628721144
2024-11-10,Bianca Censori,16.767115147922624
2024-11-17,Bianca Censori,22.318373215478346
2024-11-24,Bianca Censori,47.85723811863733
2024-12-01,Bianca Censori,37.32751997387432
2024-12-08,Bianca Censori,33.18739588826473
2024-12-15,Bianca Censori,48.90560982959201
2024-12-22,Bianca Censori,18.863044310207655
2024-12-29,Bianca Censori,25.632081361240175
2025-01-05,Bianca Censori,62.212584064489334
2025-01-12,Bianca Censori,36.288994899238006
2025-01-19,Bianca Censori,24.500703871554723
2025-01-26,Bianca Censori,26.445536583541042
2025-02-02,Bianca Censori,35.54889894170559
2025-02-09,Bianca Censori,0.0
2025-02-16,Bianca Censori,31.406085518790473
2025-02-23,Bianca Censori,1.6469168041759836
2025-03-02,Bianca Censori,33.642258285894
2025-03-09,Bianca Censori,42.402426877234106
2025-03-16,Bianca Censori,28.397502633939794
2025-03-23,Bianca Censori,37.317852162005025
2025-03-30,Bianca Censori,52.49081066127037
2025-04-06,Bianca Censori,45.484794588361936
2025-04-13,Bianca Censori,57.23029759684978
2025-04-20,Bianca Censori,6.776680869738943
2025-04-27,Bianca Censori,41.937134443294866
2025-05-04,Bianca Censori,21.87664086715011
2025-05-11,Bianca Censori,32.26459822332247
2025-05-18,Bianca Censori,25.550292657014232
2025-05-25,Bianca Censori,41.81404858287717
2025-06-01,Bianca Censori,15.725563237297003
2025-06-08,Bianca Censori,25.231240818420943
2025-06-15,Bianca Censori,16.310777271080724
2025-06-22,Bianca Censori,25.858589536172506
2025-06-29,Bianca Censori,42.32019237361138
2025-07-06,Bianca Censori,56.889957439507896
2025-07-13,Bianca Censori,100.0
2025-07-20,Bianca Censori,37.07789029647162
2025-07-27,Bianca Censori,46.50281169199158
2025-08-03,Bianca Censori,41.854948181104156
2025-08-10,Bianca Censori,37.83572411819735
2025-08-17,Bianca Censori,20.27955501158717
2025-08-24,Bianca Censori,36.73056654889806
2025-08-31,Bianca Censori,52.67954606190122
2025-09-07,Bianca Censori,19.751674475525377
2025-09-14,Bianca Censori,51.52825306177558
2025-09-21,Bianca Censori,56.52190190725562
2025-09-28,Bianca Censori,19.17877035604929
2025-10-05,Bianca Censori,12.382295043830453
2025-10-12,Bianca Censori,40.40075239301611
2025-10-19,Bianca Censori,70.75111462109918
2025-10-26,Bianca Censori,16.808740266740582
2025-11-02,Bianca Censori,18.16541487062211
2025-11-09,Bianca Censori,37.860434387940344
2024-01-07,Taylor Swift,87.40774873554035
2024-01-14,Taylor Swift,71.08014750143066
2024-01-21,Taylor Swift,100.0
2024-01-28,Taylor Swift,59.086612529083325
2024-02-04,Taylor Swift,82.43708622864779
2024-02-11,Taylor Swift,100.0
2024-02-18,Taylor Swift,86.01000741138138
2024-02-25,Taylor Swift,68.56306651482996
2024-03-03,Taylor Swift,87.05574692355412
2024-03-10,Taylor Swift,61.55930071182783
2024-03-17,Taylor Swift,67.80552023546568
2024-03-24,Taylor Swift,100.0
2024-03-31,Taylor Swift,100.0
2024-04-07,Taylor Swift,76.52313077669001
2024-04-14,Taylor Swift,58.55544553254066
2024-04-21,Taylor Swift,91.99576864762915
2024-04-28,Taylor Swift,91.60703078052354
2024-05-05,Taylor Swift,83.57552900812989
2024-05-12,Taylor Swift,83.60678926368314
2024-05-19,Taylor Swift,83.67571529459072
2024-05-26,Taylor Swift,100.0
2024-06-02,Taylor Swift,90.36002645239803
2024-06-09,Taylor Swift,85.87086876958696
2024-06-16,Taylor Swift,64.55762178193643
2024-06-23,Taylor Swift,96.61566144287369
2024-06-30,Taylor Swift,49.42255242529255
2024-07-07,Taylor Swift,92.78001379152593
2024-07-14,Taylor Swift,69.27102201315849
2024-07-21,Taylor Swift,92.7342589545105
2024-07-28,Taylor Swift,65.72044436110048
2024-08-04,Taylor Swift,98.24441786907838
2024-08-11,Taylor Swift,100.0
2024-08-18,Taylor Swift,100.0
2024-08-25,Taylor Swift,76.87714917389798
2024-09-01,Taylor Swift,83.33111025300097
2024-09-08,Taylor Swift,80.84304113917598
2024-09-15,Taylor Swift,51.76301461364202
2024-09-22,Taylor Swift,84.42480918470685
2024-09-29,Taylor Swift,89.88632791255182
2024-10-06,Taylor Swift,69.82582033258566
2024-10-13,Taylor Swift,67.20006151139432
2024-10-20,Taylor Swift,58.13674068497432
2024-10-27,Taylor Swift,90.86792920582164
2024-11-03,Taylor Swift,100.0
2024-11-10,Taylor Swift,92.6869789082672
2024-11-17,Taylor Swift,100.0
2024-11-24,Taylor Swift,77.90682208528739
2024-12-01,Taylor Swift,84.00729142219342
2024-12-08,Taylor Swift,100.0
2024-12-15,Taylor Swift,58.0258628828021
2024-12-22,Taylor Swift,75.9232224288038
2024-12-29,Taylor Swift,100.0
2025-01-05,Taylor Swift,97.44895710726854
2025-01-12,Taylor Swift,95.0974562823244
2025-01-19,Taylor Swift,77.8534959152938
2025-01-26,Taylor Swift,100.0
2025-02-02,Taylor Swift,68.79674684261808
2025-02-09,Taylor Swift,49.38934526267013
2025-02-16,Taylor Swift,97.10811142516197
2025-02-23,Taylor Swift,88.25272769148957
2025-03-02,Taylor Swift,79.06458623459619
2025-03-09,Taylor Swift,70.75350850921458
2025-03-16,Taylor Swift,81.21397391928579
2025-03-23,Taylor Swift,68.81644252640582
2025-03-30,Taylor Swift,72.8676703862546
2025-04-06,Taylor Swift,83.68020867913705
2025-04-13,Taylor Swift,87.01971201053586
2025-04-20,Taylor Swift,86.62605515697611
2025-04-27,Taylor Swift,67.74808063108775
2025-05-04,Taylor Swift,51.63492582102327
2025-05-11,Taylor Swift,60.19144843577219
2025-05-18,Taylor Swift,100.0
2025-05-25,Taylor Swift,72.00723186788584
2025-06-01,Taylor Swift,78.83219763609839
2025-06-08,Taylor Swift,92.66401125961119
2025-06-15,Taylor Swift,100.0
2025-06-22,Taylor Swift,100.0
2025-06-29,Taylor Swift,100.0
2025-07-06,Taylor Swift,94.87840623820378
2025-07-13,Taylor Swift,97.02384382667861
2025-07-20,Taylor Swift,61.05009296179717
2025-07-27,Taylor Swift,68.56280132862123
2025-08-03,Taylor Swift,78.96774430631288
2025-08-10,Taylor Swift,74.51361236204617
2025-08-17,Taylor Swift,91.25719577064388
2025-08-24,Taylor Swift,88.45762012213137
2025-08-31,Taylor Swift,100.0
2025-09-07,Taylor Swift,100.0
2025-09-14,Taylor Swift,82.88074906036455
2025-09-21,Taylor Swift,96.76531507613386
2025-09-28,Taylor Swift,72.33927404137019
2025-10-05,Taylor Swift,100.0
2025-10-12,Taylor Swift,100.0
2025-10-19,Taylor Swift,92.5148943480303
2025-10-26,Taylor Swift,77.30092205054859
2025-11-02,Taylor Swift,93.03684044815631
2025-11-09,Taylor Swift,75.47012041619791
2024-01-07,Travis Kelce,70.4227645196183
2024-01-14,Travis Kelce,60.49726202928079
2024-01-21,Travis Kelce,16.247800550558345
2024-01-28,Travis Kelce,28.357261729645206
2024-02-04,Travis Kelce,46.71305329037758
2024-02-11,Travis Kelce,91.68571465920893
2024-02-18,Travis Kelce,45.97020348517885
2024-02-25,Travis Kelce,55.519965824908994
2024-03-03,Travis Kelce,88.70364915023113
2024-03-10,Travis Kelce,30.373048742239007
2024-03-17,Travis Kelce,89.59605866435345
2024-03-24,Travis Kelce,29.714034292896972
2024-03-31,Travis Kelce,3.4820855138038596
2024-04-07,Travis Kelce,74.75674379636976
2024-04-14,Travis Kelce,7.865869658715617
2024-04-21,Travis Kelce,53.44952917610604
2024-04-28,Travis Kelce,61.119260330589306
2024-05-05,Travis Kelce,75.89317250859258
2024-05-12,Travis Kelce,44.967777684161874
2024-05-19,Travis Kelce,40.87557622025578
2024-05-26,Travis Kelce,52.50955048846367
2024-06-02,Travis Kelce,24.733082628666832
2024-06-09,Travis Kelce,52.272703157748154
2024-06-16,Travis Kelce,52.414460699413226
2024-06-23,Travis Kelce,44.74742671822289
2024-06-30,Travis Kelce,45.89030083404653
2024-07-07,Travis Kelce,77.40466645867792
2024-07-14,Travis Kelce,53.409169621958945
2024-07-21,Travis Kelce,40.97952583567119
2024-07-28,Travis Kelce,15.33753054925035
2024-08-04,Travis Kelce,20.028197689162855
2024-08-11,Travis Kelce,58.189836199504086
2024-08-18,Travis Kelce,31.00213842168574
2024-08-25,Travis Kelce,41.562711291381454
2024-09-01,Travis Kelce,50.01722936427791
2024-09-08,Travis Kelce,78.82525709465942
2024-09-15,Travis Kelce,68.41159693104157
2024-09-22,Travis Kelce,51.281762650163024
2024-09-29,Travis Kelce,77.82090347768958
2024-10-06,Travis Kelce,65.67650336960227
2024-10-13,Travis Kelce,13.582537924688658
2024-10-20,Travis Kelce,77.16677583963622
2024-10-27,Travis Kelce,52.36268838346845
2024-11-03,Travis Kelce,5.022683437391798
2024-11-10,Travis Kelce,68.15094753460163
2024-11-17,Travis Kelce,55.21401114127864
2024-11-24,Travis Kelce,48.38563482730127
2024-12-01,Travis Kelce,64.68810859392653
2024-12-08,Travis Kelce,48.71601720652255
2024-12-15,Travis Kelce,56.98238654171155
2024-12-22,Travis Kelce,46.5417738689709
2024-12-29,Travis Kelce,47.57392690489753
2025-01-05,Travis Kelce,27.134961903057757
2025-01-12,Travis Kelce,58.99346549846588
2025-01-19,Travis Kelce,90.42185217242945
2025-01-26,Travis Kelce,43.01279984932683
2025-02-02,Travis Kelce,46.78909466724826
2025-02-09,Travis Kelce,38.37949013532287
2025-02-16,Travis Kelce,38.567013893056355
2025-02-23,Travis Kelce,25.76244214822303
2025-03-02,Travis Kelce,35.80548984014828
2025-03-09,Travis Kelce,54.15959821468444
2025-03-16,Travis Kelce,47.71343900618341
2025-03-23,Travis Kelce,45.62060800933554
2025-03-30,Travis Kelce,39.50997704778945
2025-04-06,Travis Kelce,38.683635187106404
2025-04-13,Travis Kelce,19.976178756028958
2025-04-20,Travis Kelce,77.6974853488905
2025-04-27,Travis Kelce,61.971139261115326
2025-05-04,Travis Kelce,56.745003090870725
2025-05-11,Travis Kelce,48.04164817038467
2025-05-18,Travis Kelce,31.569191187991485
2025-05-25,Travis Kelce,55.295360061809276
2025-06-01,Travis Kelce,22.39492580804652
2025-06-08,Travis Kelce,35.455500590943544
2025-06-15,Travis Kelce,43.98421509654262
2025-06-22,Travis Kelce,72.18661993092829
2025-06-29,Travis Kelce,90.34588148126292
2025-07-06,Travis Kelce,81.70248154539314
2025-07-13,Travis Kelce,62.09820087369317
2025-07-20,Travis Kelce,33.887634932304856
2025-07-27,Travis Kelce,23.82400538071328
2025-08-03,Travis Kelce,23.588648523617177
2025-08-10,Travis Kelce,62.89938473381142
2025-08-17,Travis Kelce,38.70714861756346
2025-08-24,Travis Kelce,42.057492324706075
2025-08-31,Travis Kelce,52.85043255889654
2025-09-07,Travis Kelce,35.34099767177925
2025-09-14,Travis Kelce,47.261039062671806
2025-09-21,Travis Kelce,33.968726759168035
2025-09-28,Travis Kelce,40.66457338863335
2025-10-05,Travis Kelce,67.38782451651512
2025-10-12,Travis Kelce,54.346646108584515
2025-10-19,Travis Kelce,67.46774246743578
2025-10-26,Travis Kelce,39.26752482108307
2025-11-02,Travis Kelce,64.01197337186319
2025-11-09,Travis Kelce,20.129151242336746
2024-01-07,Donald Trump,70.96169893322764
2024-01-14,Donald Trump,82.87184917554747
2024-01-21,Donald Trump,36.969598754620804
2024-01-28,Donald Trump,57.263277843956814
2024-02-04,Donald Trump,71.34797342632828
2024-02-11,Donald Trump,90.6258561842888
2024-02-18,Donald Trump,59.06216260953702
2024-02-25,Donald Trump,81.29608355830565
2024-03-03,Donald Trump,99.631372413158
2024-03-10,Donald Trump,82.4414425436108
2024-03-17,Donald Trump,66.93909227914014
2024-03-24,Donald Trump,78.52291746742617
2024-03-31,Donald Trump,59.12029626568359
2024-04-07,Donald Trump,73.031795749458
2024-04-14,Donald Trump,68.28645529215842
2024-04-21,Donald Trump,78.25205324150404
2024-04-28,Donald Trump,63.362460677550644
2024-05-05,Donald Trump,79.58904284756593
2024-05-12,Donald Trump,63.38031038359474
2024-05-19,Donald Trump,89.32249406863386
2024-05-26,Donald Trump,65.47952935664318
2024-06-02,Donald Trump,31.337509296442917
2024-06-09,Donald Trump,52.038273781651924
2024-06-16,Donald Trump,72.66836758379102
2024-06-23,Donald Trump,100.0
2024-06-30,Donald Trump,89.08811162366979
2024-07-07,Donald Trump,28.377293819842293
2024-07-14,Donald Trump,43.12827508440317
2024-07-21,Donald Trump,95.67508086413858
2024-07-28,Donald Trump,85.5556373221257
2024-08-04,Donald Trump,100.0
2024-08-11,Donald Trump,63.91278200919511
2024-08-18,Donald Trump,56.20311261070417
2024-08-25,Donald Trump,74.73132474438785
2024-09-01,Donald Trump,63.846851064697674
2024-09-08,Donald Trump,94.25079888515799
2024-09-15,Donald Trump,63.39967202290505
2024-09-22,Donald Trump,68.30250129413258
2024-09-29,Donald Trump,54.22472568435385
2024-10-06,Donald Trump,89.03977233290705
2024-10-13,Donald Trump,55.556693516447496
2024-10-20,Donald Trump,82.36869806447402
2024-10-27,Donald Trump,100.0
2024-11-03,Donald Trump,38.72559502191442
2024-11-10,Donald Trump,100.0
2024-11-17,Donald Trump,80.09937252639641
2024-11-24,Donald Trump,52.09021905403246
2024-12-01,Donald Trump,76.88789589209786
2024-12-08,Donald Trump,89.31533247797384
2024-12-15,Donald Trump,59.09051089109377
2024-12-22,Donald Trump,84.42936714271991
2024-12-29,Donald Trump,100.0
2025-01-05,Donald Trump,64.97568647137629
2025-01-12,Donald Trump,55.50790359482838
2025-01-19,Donald Trump,72.88426159800704
2025-01-26,Donald Trump,76.61449824577389
2025-02-02,Donald Trump,97.48383036941897
2025-02-09,Donald Trump,72.53984202842021
2025-02-16,Donald Trump,87.26735375178592
2025-02-23,Donald Trump,92.94492978060536
2025-03-02,Donald Trump,29.585252520437393
2025-03-09,Donald Trump,100.0
2025-03-16,Donald Trump,59.830515659152184
2025-03-23,Donald Trump,53.79161984506222
2025-03-30,Donald Trump,73.41926666540941
2025-04-06,Donald Trump,92.5887822022173
2025-04-13,Donald Trump,73.45572213271097
2025-04-20,Donald Trump,56.356156589092194
2025-04-27,Donald Trump,87.13338617296246
2025-05-04,Donald Trump,60.917788583494705
2025-05-11,Donald Trump,73.70928683900608
2025-05-18,Donald Trump,63.54867574532585
2025-05-25,Donald Trump,80.18573126944956
2025-06-01,Donald Trump,75.00311961033952
2025-06-08,Donald Trump,100.0
2025-06-15,Donald Trump,63.24308434645671
2025-06-22,Donald Trump,79.72860455383793
2025-06-29,Donald Trump,24.680603832139766
2025-07-06,Donald Trump,99.63013703844923
2025-07-13,Donald Trump,71.04624811839304
2025-07-20,Donald Trump,70.57118268008418
2025-07-27,Donald Trump,49.94976610564357
2025-08-03,Donald Trump,62.6436662481825
2025-08-10,Donald Trump,100.0
2025-08-17,Donald Trump,100.0
2025-08-24,Donald Trump,80.4749155527467
2025-08-31,Donald Trump,75.99309708025584
2025-09-07,Donald Trump,71.68636944242425
2025-09-14,Donald Trump,74.21567896892816
2025-09-21,Donald Trump,83.59304010310173
2025-09-28,Donald Trump,84.05511015075773
2025-10-05,Donald Trump,65.95533363765011
2025-10-12,Donald Trump,73.01814228116763
2025-10-19,Donald Trump,85.82266044484236
2025-10-26,Donald Trump,54.377728472293946
2025-11-02,Donald Trump,69.04553958961921
2025-11-09,Donald Trump,100.0
2024-01-07,Elon Musk,26.650562397141442
2024-01-14,Elon Musk,59.070149270184594
2024-01-21,Elon Musk,18.73105888174417
2024-01-28,Elon Musk,75.38684552435058
2024-02-04,Elon Musk,41.746213697865755
2024-02-11,Elon Musk,55.88704171528106
2024-02-18,Elon Musk,51.5934147299306
2024-02-25,Elon Musk,70.17484720347655
2024-03-03,Elon Musk,82.16859307649611
2024-03-10,Elon Musk,59.90385926620658
2024-03-17,Elon Musk,30.473289303640126
2024-03-24,Elon Musk,88.72122553062576
2024-03-31,Elon Musk,52.69767882646522
2024-04-07,Elon Musk,35.06440833577452
2024-04-14,Elon Musk,65.15733455988465
2024-04-21,Elon Musk,70.89553113825986
2024-04-28,Elon Musk,73.98800167748816
2024-05-05,Elon Musk,73.21741952891708
2024-05-12,Elon Musk,47.26847764894702
2024-05-19,Elon Musk,61.7188987187053
2024-05-26,Elon Musk,44.37980370554742
2024-06-02,Elon Musk,52.558375443444376
2024-06-09,Elon Musk,26.69977137409455
2024-06-16,Elon Musk,37.5634142887442
2024-06-23,Elon Musk,58.12950438802514
2024-06-30,Elon Musk,23.196394231369695
2024-07-07,Elon Musk,50.90981210421578
2024-07-14,Elon Musk,70.01347327722922
2024-07-21,Elon Musk,40.805432606433385
2024-07-28,Elon Musk,51.25014721968042
2024-08-04,Elon Musk,66.63909989428514
2024-08-11,Elon Musk,70.6780163092198
2024-08-18,Elon Musk,78.98541030446171
2024-08-25,Elon Musk,48.631030210564866
2024-09-01,Elon Musk,56.816064301681656
2024-09-08,Elon Musk,57.28892664055826
2024-09-15,Elon Musk,60.35640333080168
2024-09-22,Elon Musk,66.42202803924627
2024-09-29,Elon Musk,48.12349856349931
2024-10-06,Elon Musk,58.53008146326017
2024-10-13,Elon Musk,54.90296776508945
2024-10-20,Elon Musk,58.33878617925735
2024-10-27,Elon Musk,61.668832318233555
2024-11-03,Elon Musk,56.02770118842655
2024-11-10,Elon Musk,55.56427328698879
2024-11-17,Elon Musk,52.215315307446666
2024-11-24,Elon Musk,32.86415189387606
2024-12-01,Elon Musk,64.85729279999356
2024-12-08,Elon Musk,48.44667269215017
2024-12-15,Elon Musk,59.24251046058937
2024-12-22,Elon Musk,90.96235344410155
2024-12-29,Elon Musk,41.23932907673939
2025-01-05,Elon Musk,33.32272688659292
2025-01-12,Elon Musk,87.56761257349078
2025-01-19,Elon Musk,70.624668265306
2025-01-26,Elon Musk,51.848321647673615
2025-02-02,Elon Musk,52.885753988038886
2025-02-09,Elon Musk,98.30742815137945
2025-02-16,Elon Musk,59.54099385308169
2025-02-23,Elon Musk,49.52525819685618
2025-03-02,Elon Musk,67.14756425887185
2025-03-09,Elon Musk,38.52852314804816
2025-03-16,Elon Musk,62.55741265221495
2025-03-23,Elon Musk,53.447929452052016
2025-03-30,Elon Musk,23.492695123001564
2025-04-06,Elon Musk,22.321015000087794
2025-04-13,Elon Musk,44.17459267867057
2025-04-20,Elon Musk,36.58819625009512
2025-04-27,Elon Musk,19.634825483386596
2025-05-04,Elon Musk,30.50906252530438
2025-05-11,Elon Musk,46.114154202800776
2025-05-18,Elon Musk,36.196227354738085
2025-05-25,Elon Musk,83.20584133109281
2025-06-01,Elon Musk,38.58154629680001
2025-06-08,Elon Musk,66.02654371575454
2025-06-15,Elon Musk,72.81662836681573
2025-06-22,Elon Musk,40.71699523637663
2025-06-29,Elon Musk,39.47613405160996
2025-07-06,Elon Musk,41.00046430510294
2025-07-13,Elon Musk,45.8982765656206
2025-07-20,Elon Musk,42.79901097435146
2025-07-27,Elon Musk,30.776446894818125
2025-08-03,Elon Musk,53.51427884302826
2025-08-10,Elon Musk,42.69171023466602
2025-08-17,Elon Musk,83.68064547549062
2025-08-24,Elon Musk,98.69140040241106
2025-08-31,Elon Musk,39.08816964273421
2025-09-07,Elon Musk,42.444476600960236
2025-09-14,Elon Musk,52.527980860873576
2025-09-21,Elon Musk,53.236851849805376
2025-09-28,Elon Musk,45.545791587589264
2025-10-05,Elon Musk,36.20554133192319
2025-10-12,Elon Musk,64.26859146538737
2025-10-19,Elon Musk,75.05836795276682
2025-10-26,Elon Musk,0.0
2025-11-02,Elon Musk,35.046651367847325
2025-11-09,Elon Musk,67.9381220568082
2024-01-07,Kanye West,11.022757868009563
2024-01-14,Kanye West,31.57034106527569
2024-01-21,Kanye West,32.52331480565888
2024-01-28,Kanye West,33.99426389710568
2024-02-04,Kanye West,38.60510520701711
2024-02-11,Kanye West,42.97781237167872
2024-02-18,Kanye West,50.79533201861373
2024-02-25,Kanye West,22.23514947104055
2024-03-03,Kanye West,15.256615190810999
2024-03-10,Kanye West,34.003788321790005
2024-03-17,Kanye West,52.317324433823934
2024-03-24,Kanye West,30.53648602029855
2024-03-31,Kanye West,28.336548222342234
2024-04-07,Kanye West,37.29226271711613
2024-04-14,Kanye West,60.028820849581905
2024-04-21,Kanye West,31.29075525566133
2024-04-28,Kanye West,51.18179919645212
2024-05-05,Kanye West,36.608447645748086
2024-05-12,Kanye West,30.259136847345374
2024-05-19,Kanye West,20.733495781742075
2024-05-26,Kanye West,30.311349893474613
2024-06-02,Kanye West,29.364545112203142
2024-06-09,Kanye West,16.838187775912402
2024-06-16,Kanye West,18.926172290926175
2024-06-23,Kanye West,43.60188467183774
2024-06-30,Kanye West,25.28442389501506
2024-07-07,Kanye West,0.0
2024-07-14,Kanye West,1.6750967209186989
2024-07-21,Kanye West,21.062606849556072
2024-07-28,Kanye West,8.68195932638778
2024-08-04,Kanye West,24.43389517768891
2024-08-11,Kanye West,43.89779784140273
2024-08-18,Kanye West,46.69815737038319
2024-08-25,Kanye West,23.67380832316652
2024-09-01,Kanye West,9.775620568998413
2024-09-08,Kanye West,8.541103286187138
2024-09-15,Kanye West,51.82205430172363
2024-09-22,Kanye West,40.358328081405126
2024-09-29,Kanye West,23.761492473530065
2024-10-06,Kanye West,27.943093207002327
2024-10-13,Kanye West,23.358960959044715
2024-10-20,Kanye West,34.35252715917237
2024-10-27,Kanye West,26.30612673737695
2024-11-03,Kanye West,37.32573311874431
2024-11-10,Kanye West,37.518101204351154
2024-11-17,Kanye West,50.10990377132481
2024-11-24,Kanye West,31.46868644363469
2024-12-01,Kanye West,25.2439645856916
2024-12-08,Kanye West,48.16175823174209
2024-12-15,Kanye West,16.384115469110956
2024-12-22,Kanye West,53.51410649366223
2024-12-29,Kanye West,28.391566223661837
2025-01-05,Kanye West,16.22422513787679
2025-01-12,Kanye West,31.89065513561507
2025-01-19,Kanye West,0.0
2025-01-26,Kanye West,63.4341919340899
2025-02-02,Kanye West,18.88200732989073
2025-02-09,Kanye West,56.28717928413228
2025-02-16,Kanye West,33.443082458977536
2025-02-23,Kanye West,26.175961913641473
2025-03-02,Kanye West,8.824529662111857
2025-03-09,Kanye West,22.855537392555043
2025-03-16,Kanye West,26.543287584917962
2025-03-23,Kanye West,34.75969417684167
2025-03-30,Kanye West,15.85023628003302
2025-04-06,Kanye West,28.981154274949496
2025-04-13,Kanye West,10.080508338758477
2025-04-20,Kanye West,18.588057754539765
2025-04-27,Kanye West,19.285250179392108
2025-05-04,Kanye West,53.10970186202307
2025-05-11,Kanye West,31.268885930376527
2025-05-18,Kanye West,17.178050888948945
2025-05-25,Kanye West,79.01964940858744
2025-06-01,Kanye West,45.57091098451488
2025-06-08,Kanye West,28.743994070385995
2025-06-15,Kanye West,63.60001956719566
2025-06-22,Kanye West,28.688661751939716
2025-06-29,Kanye West,10.216356296947632
2025-07-06,Kanye West,17.7205264368067
2025-07-13,Kanye West,70.10515527581083
2025-07-20,Kanye West,24.150566400651687
2025-07-27,Kanye West,8.65259169248041
2025-08-03,Kanye West,44.92373588657522
2025-08-10,Kanye West,21.649351938649826
2025-08-17,Kanye West,0.45123889183615873
2025-08-24,Kanye West,18.202203065509387
2025-08-31,Kanye West,49.029801449350494
2025-09-07,Kanye West,28.756777278399582
2025-09-14,Kanye West,41.066474539182316
2025-09-21,Kanye West,41.51021250146943
2025-09-28,Kanye West,24.72237295748939
2025-10-05,Kanye West,35.054843176201295
2025-10-12,Kanye West,1.5941176452362598
2025-10-19,Kanye West,47.35810524588844
2025-10-26,Kanye West,45.88137031221177
2025-11-02,Kanye West,32.56045279424108
2025-11-09,Kanye West,29.03010648735861
2024-01-07,Brittney Spears,19.744459290085548
2024-01-14,Brittney Spears,31.717290192593644
2024-01-21,Brittney Spears,27.696987106483448
2024-01-28,Brittney Spears,0.0
2024-02-04,Brittney Spears,16.335590585968678
2024-02-11,Brittney Spears,8.75330105373856
2024-02-18,Brittney Spears,6.993185242790943
2024-02-25,Brittney Spears,31.538267873785195
2024-03-03,Brittney Spears,19.450794211208162
2024-03-10,Brittney Spears,39.77314542485744
2024-03-17,Brittney Spears,0.0
2024-03-24,Brittney Spears,22.43173892246202
2024-03-31,Brittney Spears,26.369242105069954
2024-04-07,Brittney Spears,5.9500366281199
2024-04-14,Brittney Spears,28.330790099850343
2024-04-21,Brittney Spears,32.0750091488688
2024-04-28,Brittney Spears,23.466556222511688
2024-05-05,Brittney Spears,32.817385039437966
2024-05-12,Brittney Spears,42.48627804323445
2024-05-19,Brittney Spears,14.300518855345727
2024-05-26,Brittney Spears,27.126400772155794
2024-06-02,Brittney Spears,18.982834198914176
2024-06-09,Brittney Spears,28.943276747024818
2024-06-16,Brittney Spears,23.234884758979927
2024-06-23,Brittney Spears,40.64374704780728
2024-06-30,Brittney Spears,37.592001966183986
2024-07-07,Brittney Spears,10.355320897941512
2024-07-14,Brittney Spears,26.172681595093017
2024-07-21,Brittney Spears,22.485691525949274
2024-07-28,Brittney Spears,13.202864626549106
2024-08-04,Brittney Spears,25.17215938057004
2024-08-11,Brittney Spears,10.518401948039642
2024-08-18,Brittney Spears,19.3711236442842
2024-08-25,Brittney Spears,39.70407267182105
2024-09-01,Brittney Spears,15.170791723902042
2024-09-08,Brittney Spears,20.324985358750087
2024-09-15,Brittney Spears,8.873394918223344
2024-09-22,Brittney Spears,26.31407960942365
2024-09-29,Brittney Spears,11.903716775831217
2024-10-06,Brittney Spears,22.576283196761754
2024-10-13,Brittney Spears,29.651425732780183
2024-10-20,Brittney Spears,17.066199565355504
2024-10-27,Brittney Spears,25.22402987893266
2024-11-03,Brittney Spears,23.125506296743527
2024-11-10,Brittney Spears,30.029201276500118
2024-11-17,Brittney Spears,25.249503053413825
2024-11-24,Brittney Spears,32.43756528375374
2024-12-01,Brittney Spears,16.916000750448774
2024-12-08,Brittney Spears,6.739774165636238
2024-12-15,Brittney Spears,3.0725928441194235
2024-12-22,Brittney Spears,3.9727293218396227
2024-12-29,Brittney Spears,16.45464014422802
2025-01-05,Brittney Spears,21.176937923520196
2025-01-12,Brittney Spears,12.468841267949916
2025-01-19,Brittney Spears,0.0
2025-01-26,Brittney Spears,12.620076696488772
2025-02-02,Brittney Spears,14.897557248467377
2025-02-09,Brittney Spears,19.230646047541896
2025-02-16,Brittney Spears,33.87384689582934
2025-02-23,Brittney Spears,1.1693012610706326
2025-03-02,Brittney Spears,26.199730755167558
2025-03-09,Brittney Spears,25.144686674944303
2025-03-16,Brittney Spears,16.85314311999036
2025-03-23,Brittney Spears,61.32392610117412
2025-03-30,Brittney Spears,11.820354111333238
2025-04-06,Brittney Spears,16.54324923133226
2025-04-13,Brittney Spears,9.454088928490826
2025-04-20,Brittney Spears,8.294106827842288
2025-04-27,Brittney Spears,28.50316606002313
2025-05-04,Brittney Spears,3.6049939637682282
2025-05-11,Brittney Spears,9.475126064616905
2025-05-18,Brittney Spears,17.043668500029753
2025-05-25,Brittney Spears,20.3337550614596
2025-06-01,Brittney Spears,5.929745050817955
2025-06-08,Brittney Spears,3.330062664683309
2025-06-15,Brittney Spears,23.65474737960399
2025-06-22,Brittney Spears,50.473682608467286
2025-06-29,Brittney Spears,32.871404299738444
2025-07-06,Brittney Spears,31.281533956705914
2025-07-13,Brittney Spears,23.049715525468624
2025-07-20,Brittney Spears,24.196371011259572
2025-07-27,Brittney Spears,6.226240807361581
2025-08-03,Brittney Spears,16.4267677649457
2025-08-10,Brittney Spears,26.68375987075946
2025-08-17,Brittney Spears,27.18901618145686
2025-08-24,Brittney Spears,13.545518485104758
2025-08-31,Brittney Spears,21.534774617058964
2025-09-07,Brittney Spears,11.309823630923926
2025-09-14,Brittney Spears,24.363627472529107
2025-09-21,Brittney Spears,11.760895855222005
2025-09-28,Brittney Spears,31.345844376261432
2025-10-05,Brittney Spears,35.32396562299046
2025-10-12,Brittney Spears,33.67493603383521
2025-10-19,Brittney Spears,2.2168906123805954
2025-10-26,Brittney Spears,23.205418143797882
2025-11-02,Brittney Spears,11.326959746735248
2025-11-09,Brittney Spears,28.803839534621027
2024-01-07,Kate Middleton,82.60122841208384
2024-01-14,Kate Middleton,62.56713372489965
2024-01-21,Kate Middleton,41.64629125779758
2024-01-28,Kate Middleton,27.48051792908288
2024-02-04,Kate Middleton,62.78932810823467
2024-02-11,Kate Middleton,60.84464779476869
2024-02-18,Kate Middleton,16.10260884490932
2024-02-25,Kate Middleton,5.156608935713614
2024-03-03,Kate Middleton,64.35141424618931
2024-03-10,Kate Middleton,96.81430967094258
2024-03-17,Kate Middleton,92.34437971048843
2024-03-24,Kate Middleton,30.232690284057416
2024-03-31,Kate Middleton,94.24646770991524
2024-04-07,Kate Middleton,36.61175143525584
2024-04-14,Kate Middleton,85.90232938026094
2024-04-21,Kate Middleton,27.692180883185525
2024-04-28,Kate Middleton,47.089788757629954
2024-05-05,Kate Middleton,85.32744249947959
2024-05-12,Kate Middleton,58.54292284099762
2024-05-19,Kate Middleton,59.80122791225079
2024-05-26,Kate Middleton,47.27208839493746
2024-06-02,Kate Middleton,91.79656759557461
2024-06-09,Kate Middleton,78.9175579198646
2024-06-16,Kate Middleton,37.39280729522028
2024-06-23,Kate Middleton,49.02798130333507
2024-06-30,Kate Middleton,33.79753251651921
2024-07-07,Kate Middleton,14.974517557456188
2024-07-14,Kate Middleton,75.90809307488878
2024-07-21,Kate Middleton,55.78167193121686
2024-07-28,Kate Middleton,45.378952951321864
2024-08-04,Kate Middleton,66.59930707308648
2024-08-11,Kate Middleton,44.035319843567606
2024-08-18,Kate Middleton,84.15756868091974
2024-08-25,Kate Middleton,69.21102515640386
2024-09-01,Kate Middleton,92.07925819499218
2024-09-08,Kate Middleton,68.41274608926008
2024-09-15,Kate Middleton,32.53830045522407
2024-09-22,Kate Middleton,82.14738914578945
2024-09-29,Kate Middleton,66.86745582199882
2024-10-06,Kate Middleton,54.3743260313714
2024-10-13,Kate Middleton,75.44415748000718
2024-10-20,Kate Middleton,55.258815496084516
2024-10-27,Kate Middleton,22.204094191246014
2024-11-03,Kate Middleton,53.817183620662604
2024-11-10,Kate Middleton,50.32571742536385
2024-11-17,Kate Middleton,67.6939417577875
2024-11-24,Kate Middleton,56.349710461144824
2024-12-01,Kate Middleton,0.0
2024-12-08,Kate Middleton,62.33173285333758
2024-12-15,Kate Middleton,68.50281779207816
2024-12-22,Kate Middleton,22.93753447196194
2024-12-29,Kate Middleton,37.78333112592642
2025-01-05,Kate Middleton,84.28463296069549
2025-01-12,Kate Middleton,39.664933411476504
2025-01-19,Kate Middleton,72.72092168229048
2025-01-26,Kate Middleton,16.642534340388536
2025-02-02,Kate Middleton,77.81088123147916
2025-02-09,Kate Middleton,28.900679000043546
2025-02-16,Kate Middleton,49.775987816699235
2025-02-23,Kate Middleton,42.32230264668479
2025-03-02,Kate Middleton,25.723953645603636
2025-03-09,Kate Middleton,99.45070768854393
2025-03-16,Kate Middleton,74.05496001980528
2025-03-23,Kate Middleton,41.34388879368793
2025-03-30,Kate Middleton,64.79510013506366
2025-04-06,Kate Middleton,54.61725377067511
2025-04-13,Kate Middleton,69.4822874900272
2025-04-20,Kate Middleton,100.0
2025-04-27,Kate Middleton,51.03676067432575
2025-05-04,Kate Middleton,84.20544304542162
2025-05-11,Kate Middleton,33.42736653123754
2025-05-18,Kate Middleton,33.12949049809703
2025-05-25,Kate Middleton,0.0
2025-06-01,Kate Middleton,83.5581613634588
2025-06-08,Kate Middleton,26.97944086199032
2025-06-15,Kate Middleton,52.79143352477262
2025-06-22,Kate Middleton,78.0337400746624
2025-06-29,Kate Middleton,61.91359167231666
2025-07-06,Kate Middleton,100.0
2025-07-13,Kate Middleton,66.4993035734779
2025-07-20,Kate Middleton,38.05711575619735
2025-07-27,Kate Middleton,56.230215474243906
2025-08-03,Kate Middleton,59.61700764662271
2025-08-10,Kate Middleton,34.93768166970882
2025-08-17,Kate Middleton,87.4702831211763
2025-08-24,Kate Middleton,72.00663448238701
2025-08-31,Kate Middleton,83.94537105060024
2025-09-07,Kate Middleton,62.06358815266983
2025-09-14,Kate Middleton,37.30368308142042
2025-09-21,Kate Middleton,70.17827751959047
2025-09-28,Kate Middleton,87.77897215795264
2025-10-05,Kate Middleton,62.029489056736324
2025-10-12,Kate Middleton,31.85947875564084
2025-10-19,Kate Middleton,40.4160506943163
2025-10-26,Kate Middleton,55.96479850567582
2025-11-02,Kate Middleton,91.39046725202792
2025-11-09,Kate Middleton,99.98178937547499
2024-01-07,Joe Biden,29.75516158378106
2024-01-14,Joe Biden,44.260512805494095
2024-01-21,Joe Biden,32.762684945332055
2024-01-28,Joe Biden,24.474427918277744
2024-02-04,Joe Biden,46.753310874407134
2024-02-11,Joe Biden,41.522391902721324
2024-02-18,Joe Biden,42.22564649836582
2024-02-25,Joe Biden,37.67524314789687
2024-03-03,Joe Biden,43.24951404803771
2024-03-10,Joe Biden,42.74078175776618
2024-03-17,Joe Biden,49.55075244030047
2024-03-24,Joe Biden,29.686255727283907
2024-03-31,Joe Biden,50.0631865639705
2024-04-07,Joe Biden,48.16338840185186
2024-04-14,Joe Biden,43.21529605016022
2024-04-21,Joe Biden,54.55818436181522
2024-04-28,Joe Biden,43.996255421031705
2024-05-05,Joe Biden,31.33371727449805
2024-05-12,Joe Biden,53.95939685720363
2024-05-19,Joe Biden,39.305258920832735
2024-05-26,Joe Biden,41.88903815386282
2024-06-02,Joe Biden,70.17019737016474
2024-06-09,Joe Biden,47.94009945325439
2024-06-16,Joe Biden,43.423900618593336
2024-06-23,Joe Biden,54.538894127843406
2024-06-30,Joe Biden,24.058421164527612
2024-07-07,Joe Biden,54.15578968562326
2024-07-14,Joe Biden,33.576256466973476
2024-07-21,Joe Biden,47.23804749045669
2024-07-28,Joe Biden,55.90804723135893
2024-08-04,Joe Biden,74.66551957775532
2024-08-11,Joe Biden,88.27974122183787
2024-08-18,Joe Biden,21.00172121422913
2024-08-25,Joe Biden,25.074301825259898
2024-09-01,Joe Biden,28.493774400692054
2024-09-08,Joe Biden,13.120552468034674
2024-09-15,Joe Biden,17.813809602356258
2024-09-22,Joe Biden,55.63634911947496
2024-09-29,Joe Biden,79.74465110017579
2024-10-06,Joe Biden,31.174026340108647
2024-10-13,Joe Biden,31.229028816111338
2024-10-20,Joe Biden,40.164615638364445
2024-10-27,Joe Biden,62.638042919636774
2024-11-03,Joe Biden,52.350394767117706
2024-11-10,Joe Biden,47.14033291399965
2024-11-17,Joe Biden,42.89229928137698
2024-11-24,Joe Biden,51.09082464038434
2024-12-01,Joe Biden,29.858813063088906
2024-12-08,Joe Biden,4.317245645038618
2024-12-15,Joe Biden,47.161239675553546
2024-12-22,Joe Biden,27.38087274847509
2024-12-29,Joe Biden,35.82708525241563
2025-01-05,Joe Biden,39.67817403454957
2025-01-12,Joe Biden,44.27109679431687
2025-01-19,Joe Biden,33.10465375866635
2025-01-26,Joe Biden,40.38995567235775
2025-02-02,Joe Biden,51.583696463892615
2025-02-09,Joe Biden,13.90165220228248
2025-02-16,Joe Biden,30.895858939686153
2025-02-23,Joe Biden,22.956353678799395
2025-03-02,Joe Biden,38.690634962934446
2025-03-09,Joe Biden,15.728727613245784
2025-03-16,Joe Biden,31.30756197758109
2025-03-23,Joe Biden,17.713563192798457
2025-03-30,Joe Biden,42.96320127883659
2025-04-06,Joe Biden,30.357589924057063
2025-04-13,Joe Biden,36.369821139392364
2025-04-20,Joe Biden,57.91701916003693
2025-04-27,Joe Biden,29.373455275658635
2025-05-04,Joe Biden,42.17529107290028
2025-05-11,Joe Biden,45.69296334061629
2025-05-18,Joe Biden,62.884840321149326
2025-05-25,Joe Biden,24.683496744599537
2025-06-01,Joe Biden,25.64052992771716
2025-06-08,Joe Biden,26.21662283211445
2025-06-15,Joe Biden,25.176037723278004
2025-06-22,Joe Biden,67.08018721378883
2025-06-29,Joe Biden,35.98176554090893
2025-07-06,Joe Biden,7.009116876724704
2025-07-13,Joe Biden,46.658544756332596
2025-07-20,Joe Biden,36.803888606698465
2025-07-27,Joe Biden,64.70507018467404
2025-08-03,Joe Biden,46.515281478352314
2025-08-10,Joe Biden,24.8198383353514
2025-08-17,Joe Biden,22.475205792447746
2025-08-24,Joe Biden,42.55466620865724
2025-08-31,Joe Biden,36.65992056670972
2025-09-07,Joe Biden,39.82487339589862
2025-09-14,Joe Biden,30.47891459741175
2025-09-21,Joe Biden,29.047980147976297
2025-09-28,Joe Biden,47.71001474901018
2025-10-05,Joe Biden,67.4081882014379
2025-10-12,Joe Biden,31.853505118241408
2025-10-19,Joe Biden,37.17778616291949
2025-10-26,Joe Biden,34.30822657954173
2025-11-02,Joe Biden,25.301796964099648
2025-11-09,Joe Biden,29.819437371353416
2024-01-07,Zendaya,49.12011147160002
2024-01-14,Zendaya,16.49087875740986
2024-01-21,Zendaya,25.925241294642632
2024-01-28,Zendaya,17.293112344143438
2024-02-04,Zendaya,24.373418281167304
2024-02-11,Zendaya,16.59159546002354
2024-02-18,Zendaya,18.994767370876396
2024-02-25,Zendaya,7.786463609278055
2024-03-03,Zendaya,26.299925016275655
2024-03-10,Zendaya,20.85431914954485
2024-03-17,Zendaya,31.336986011159443
2024-03-24,Zendaya,24.487478894360052
2024-03-31,Zendaya,16.40969860812598
2024-04-07,Zendaya,13.578639103206287
2024-04-14,Zendaya,25.215231483661587
2024-04-21,Zendaya,41.01367475620856
2024-04-28,Zendaya,18.502292041987985
2024-05-05,Zendaya,3.370778619261607
2024-05-12,Zendaya,27.767821647468246
2024-05-19,Zendaya,39.63774881648381
2024-05-26,Zendaya,31.840923476149534
2024-06-02,Zendaya,10.790624664169403
2024-06-09,Zendaya,26.852654608570923
2024-06-16,Zendaya,35.465688069912375
2024-06-23,Zendaya,20.346931755438977
2024-06-30,Zendaya,18.941911265894944
2024-07-07,Zendaya,19.33139516080397
2024-07-14,Zendaya,23.145655920047094
2024-07-21,Zendaya,48.07421751957649
2024-07-28,Zendaya,25.870633480073096
2024-08-04,Zendaya,42.546646664985154
2024-08-11,Zendaya,12.871277662237445
2024-08-18,Zendaya,30.779685166491785
2024-08-25,Zendaya,39.90863261877701
2024-09-01,Zendaya,56.754763704223365
2024-09-08,Zendaya,28.03261161892803
2024-09-15,Zendaya,21.48200448627174
2024-09-22,Zendaya,27.76153171523537
2024-09-29,Zendaya,41.57117042729551
2024-10-06,Zendaya,41.58538080807838
2024-10-13,Zendaya,24.383177676107056
2024-10-20,Zendaya,41.383934558733316
2024-10-27,Zendaya,25.565583252413415
2024-11-03,Zendaya,35.94744031805463
2024-11-10,Zendaya,32.44080281841655
2024-11-17,Zendaya,21.198902211474135
2024-11-24,Zendaya,14.85107778601797
2024-12-01,Zendaya,40.54590224990596
2024-12-08,Zendaya,44.21579262306942
2024-12-15,Zendaya,30.824761084039313
2024-12-22,Zendaya,25.709652723309006
2024-12-29,Zendaya,11.87152250608237
2025-01-05,Zendaya,55.538595776817544
2025-01-12,Zendaya,21.23519906579995
2025-01-19,Zendaya,32.37117613171802
2025-01-26,Zendaya,42.61039407820748
2025-02-02,Zendaya,38.27055201264604
2025-02-09,Zendaya,38.4841913283567
2025-02-16,Zendaya,10.359013838135317
2025-02-23,Zendaya,34.8633270467465
2025-03-02,Zendaya,34.20952937967174
2025-03-09,Zendaya,29.492373522359216
2025-03-16,Zendaya,34.044581464655224
2025-03-23,Zendaya,5.801457350412118
2025-03-30,Zendaya,0.0
2025-04-06,Zendaya,29.33524177118096
2025-04-13,Zendaya,25.55864723267025
2025-04-20,Zendaya,23.677669154456325
2025-04-27,Zendaya,31.42021361917333
2025-05-04,Zendaya,28.731700406375232
2025-05-11,Zendaya,69.08806372550166
2025-05-18,Zendaya,15.194735575464858
2025-05-25,Zendaya,39.47178539410039
2025-06-01,Zendaya,48.12426260858126
2025-06-08,Zendaya,72.60124308547664
2025-06-15,Zendaya,36.0993028233046
2025-06-22,Zendaya,7.124272698760944
2025-06-29,Zendaya,37.94369110368291
2025-07-06,Zendaya,47.0873604709831
2025-07-13,Zendaya,25.32660937755034
2025-07-20,Zendaya,52.05834437422456
2025-07-27,Zendaya,17.814544314575635
2025-08-03,Zendaya,27.07276069763553
2025-08-10,Zendaya,29.84186632758665
2025-08-17,Zendaya,34.38316641953861
2025-08-24,Zendaya,34.53939807899445
2025-08-31,Zendaya,58.97041238836352
2025-09-07,Zendaya,44.42867262985696
2025-09-14,Zendaya,22.535843101758314
2025-09-21,Zendaya,52.04242881449613
2025-09-28,Zendaya,13.443346875235457
2025-10-05,Zendaya,14.646973473984005
2025-10-12,Zendaya,36.23444292297616
2025-10-19,Zendaya,23.780944837813916
2025-10-26,Zendaya,0.0
2025-11-02,Zendaya,44.64894768086912
2025-11-09,Zendaya,34.25372385579451
2024-01-07,Tom Holland,20.839169427974618
2024-01-14,Tom Holland,19.982076842111947
2024-01-21,Tom Holland,19.597859102912466
2024-01-28,Tom Holland,0.0
2024-02-04,Tom Holland,12.202341146027381
2024-02-11,Tom Holland,24.91640883631869
2024-02-18,Tom Holland,18.6587001524515
2024-02-25,Tom Holland,13.796279538503585
2024-03-03,Tom Holland,1.453102833896807
2024-03-10,Tom Holland,23.35528687062159
2024-03-17,Tom Holland,24.44516291061458
2024-03-24,Tom Holland,13.83833735087299
2024-03-31,Tom Holland,33.95607852458458
2024-04-07,Tom Holland,22.364428135391364
2024-04-14,Tom Holland,14.34752556398491
2024-04-21,Tom Holland,5.499141681258902
2024-04-28,Tom Holland,25.098393161126317
2024-05-05,Tom Holland,27.765975255529273
2024-05-12,Tom Holland,16.866328431482167
2024-05-19,Tom Holland,51.91858672032268
2024-05-26,Tom Holland,14.408826911381706
2024-06-02,Tom Holland,25.980966786428862
2024-06-09,Tom Holland,12.450373146998857
2024-06-16,Tom Holland,18.8543073644389
2024-06-23,Tom Holland,27.871165001322023
2024-06-30,Tom Holland,20.398609426417238
2024-07-07,Tom Holland,64.28080754992538
2024-07-14,Tom Holland,3.1961811764091195
2024-07-21,Tom Holland,32.764502973045694
2024-07-28,Tom Holland,25.448365817220065
2024-08-04,Tom Holland,32.38003952330189
2024-08-11,Tom Holland,23.504156763541754
2024-08-18,Tom Holland,65.46930746373468
2024-08-25,Tom Holland,16.987837063002605
2024-09-01,Tom Holland,36.262786249511706
2024-09-08,Tom Holland,12.822076669640492
2024-09-15,Tom Holland,15.251499591718165
2024-09-22,Tom Holland,41.89841981870463
2024-09-29,Tom Holland,33.38640549847276
2024-10-06,Tom Holland,15.013177700156907
2024-10-13,Tom Holland,25.575629922078427
2024-10-20,Tom Holland,25.273540226483426
2024-10-27,Tom Holland,31.148375926074344
2024-11-03,Tom Holland,3.196148294380013
2024-11-10,Tom Holland,33.79800824775823
2024-11-17,Tom Holland,34.843756505103414
2024-11-24,Tom Holland,10.297248646654708
2024-12-01,Tom Holland,20.10586866682391
2024-12-08,Tom Holland,36.89339620731569
2024-12-15,Tom Holland,60.131388765546475
2024-12-22,Tom Holland,34.71332598181041
2024-12-29,Tom Holland,9.492531929068159
2025-01-05,Tom Holland,43.32526634505373
2025-01-12,Tom Holland,17.44694379483462
2025-01-19,Tom Holland,22.600418052677327
2025-01-26,Tom Holland,17.317242098956836
2025-02-02,Tom Holland,43.166808160166
2025-02-09,Tom Holland,18.59007526844176
2025-02-16,Tom Holland,28.750113927353624
2025-02-23,Tom Holland,19.339716501679234
2025-03-02,Tom Holland,30.266498449618094
2025-03-09,Tom Holland,18.93798561268389
2025-03-16,Tom Holland,21.439676415953482
2025-03-23,Tom Holland,27.55488618391305
2025-03-30,Tom Holland,9.50682492961039
2025-04-06,Tom Holland,24.222374042400773
2025-04-13,Tom Holland,29.67856211584833
2025-04-20,Tom Holland,28.179289224389027
2025-04-27,Tom Holland,34.28781809405077
2025-05-04,Tom Holland,15.860676419237725
2025-05-11,Tom Holland,23.372271703041264
2025-05-18,Tom Holland,28.143470591930928
2025-05-25,Tom Holland,20.82950714890379
2025-06-01,Tom Holland,10.54019015690118
2025-06-08,Tom Holland,25.950479382000164
2025-06-15,Tom Holland,32.6441146826307
2025-06-22,Tom Holland,42.09932184804797
2025-06-29,Tom Holland,8.73584704773068
2025-07-06,Tom Holland,25.57113627644031
2025-07-13,Tom Holland,27.934624889419766
2025-07-20,Tom Holland,26.188555934545125
2025-07-27,Tom Holland,18.501865758360296
2025-08-03,Tom Holland,29.65729078841656
2025-08-10,Tom Holland,18.764286303520024
2025-08-17,Tom Holland,26.988104332924053
2025-08-24,Tom Holland,22.52810904946524
2025-08-31,Tom Holland,3.3566428497243024
2025-09-07,Tom Holland,36.75113650785391
2025-09-14,Tom Holland,16.327725765521585
2025-09-21,Tom Holland,38.00881902487899
2025-09-28,Tom Holland,34.516624899726565
2025-10-05,Tom Holland,25.365628055420757
2025-10-12,Tom Holland,28.652346712172722
2025-10-19,Tom Holland,30.027371445450626
2025-10-26,Tom Holland,20.769277376619414
2025-11-02,Tom Holland,21.28599387981137
2025-11-09,Tom Holland,29.48912394508948
2024-01-07,Kim Kardashian,5.596113653357197
2024-01-14,Kim Kardashian,34.81291243554102
2024-01-21,Kim Kardashian,31.114815469111143
2024-01-28,Kim Kardashian,27.27122332176391
2024-02-04,Kim Kardashian,39.07052287124535
2024-02-11,Kim Kardashian,28.73282775410035
2024-02-18,Kim Kardashian,43.62393472382759
2024-02-25,Kim Kardashian,44.53125045376087
2024-03-03,Kim Kardashian,72.26693975781883
2024-03-10,Kim Kardashian,40.15042673276188
2024-03-17,Kim Kardashian,42.15658244757891
2024-03-24,Kim Kardashian,41.971028559082725
2024-03-31,Kim Kardashian,46.82453826605304
2024-04-07,Kim Kardashian,27.329454934293235
2024-04-14,Kim Kardashian,59.3444617207177
2024-04-21,Kim Kardashian,28.248217250256182
2024-04-28,Kim Kardashian,33.55481329284482
2024-05-05,Kim Kardashian,41.08258137257468
2024-05-12,Kim Kardashian,37.13293707372939
2024-05-19,Kim Kardashian,55.29409373272522
2024-05-26,Kim Kardashian,35.82512699323189
2024-06-02,Kim Kardashian,27.308576502127018
2024-06-09,Kim Kardashian,25.600968988911355
2024-06-16,Kim Kardashian,43.294748419317486
2024-06-23,Kim Kardashian,33.06173861227197
2024-06-30,Kim Kardashian,41.35418030209226
2024-07-07,Kim Kardashian,22.607416051465275
2024-07-14,Kim Kardashian,48.60658595838651
2024-07-21,Kim Kardashian,21.911796008808878
2024-07-28,Kim Kardashian,4.804878441791747
2024-08-04,Kim Kardashian,36.83849544753695
2024-08-11,Kim Kardashian,37.096594152746256
2024-08-18,Kim Kardashian,30.083638143679526
2024-08-25,Kim Kardashian,39.76357769356219
2024-09-01,Kim Kardashian,40.054701591666266
2024-09-08,Kim Kardashian,38.92415967178767
2024-09-15,Kim Kardashian,29.910363742925014
2024-09-22,Kim Kardashian,28.052868689109417
2024-09-29,Kim Kardashian,63.36653264265496
2024-10-06,Kim Kardashian,28.738099677784334
2024-10-13,Kim Kardashian,35.153789813721055
2024-10-20,Kim Kardashian,26.41550059625314
2024-10-27,Kim Kardashian,46.25587771040344
2024-11-03,Kim Kardashian,42.286847972169156
2024-11-10,Kim Kardashian,30.11803002767753
2024-11-17,Kim Kardashian,33.40405438175004
2024-11-24,Kim Kardashian,44.449716653887315
2024-12-01,Kim Kardashian,34.34452393218995
2024-12-08,Kim Kardashian,54.81691806400029
2024-12-15,Kim Kardashian,40.2224368124801
2024-12-22,Kim Kardashian,26.835960138989584
2024-12-29,Kim Kardashian,24.446129829075126
2025-01-05,Kim Kardashian,45.58484543530325
2025-01-12,Kim Kardashian,30.618901757564053
2025-01-19,Kim Kardashian,36.397769697662355
2025-01-26,Kim Kardashian,6.674804292237916
2025-02-02,Kim Kardashian,35.16890716242484
2025-02-09,Kim Kardashian,53.981386284841136
2025-02-16,Kim Kardashian,20.835023649205326
2025-02-23,Kim Kardashian,38.2674476460232
2025-03-02,Kim Kardashian,38.004743596108284
2025-03-09,Kim Kardashian,45.391117874202685
2025-03-16,Kim Kardashian,34.2423571346454
2025-03-23,Kim Kardashian,19.462412339839357
2025-03-30,Kim Kardashian,43.17889658025029
2025-04-06,Kim Kardashian,26.303369187253054
2025-04-13,Kim Kardashian,46.254347844147695
2025-04-20,Kim Kardashian,25.99379265352131
2025-04-27,Kim Kardashian,41.38391925608383
2025-05-04,Kim Kardashian,29.558859978858074
2025-05-11,Kim Kardashian,33.37207093927706
2025-05-18,Kim Kardashian,63.78106491435934
2025-05-25,Kim Kardashian,29.867864335284146
2025-06-01,Kim Kardashian,32.8196412180178
2025-06-08,Kim Kardashian,8.611914997401001
2025-06-15,Kim Kardashian,34.22627608667227
2025-06-22,Kim Kardashian,35.15019226594289
2025-06-29,Kim Kardashian,55.17907963833238
2025-07-06,Kim Kardashian,37.163168815685005
2025-07-13,Kim Kardashian,36.207568061894676
2025-07-20,Kim Kardashian,50.475700950289266
2025-07-27,Kim Kardashian,32.62304875310359
2025-08-03,Kim Kardashian,55.72160596536925
2025-08-10,Kim Kardashian,36.01856295261987
2025-08-17,Kim Kardashian,50.49020151495188
2025-08-24,Kim Kardashian,36.647608412365166
2025-08-31,Kim Kardashian,72.46569515880535
2025-09-07,Kim Kardashian,41.70219897277339
2025-09-14,Kim Kardashian,41.76966387339537
2025-09-21,Kim Kardashian,31.041712192683377
2025-09-28,Kim Kardashian,33.20375999764763
2025-10-05,Kim Kardashian,51.71482891182092
2025-10-12,Kim Kardashian,72.65810271105704
2025-10-19,Kim Kardashian,35.20886488295962
2025-10-26,Kim Kardashian,58.27743150502797
2025-11-02,Kim Kardashian,28.37869154532401
2025-11-09,Kim Kardashian,29.021916135146405
